Severity,Metric_Type,Total Targets,Hard Misses,Misses,Reached,Success Rate (%),Avg Aileron Fluctuation,Avg Elevator Fluctuation,Avg Throttle Fluctuation,Avg Distance (m),Avg Distance Normalized (m),Avg Time (s),Seeds_Averaged
light,Mean,100.0,9.25,11.5,79.25,79.25,0.061376749999999994,0.068426,0.008120500000000001,223.82750000000001,1.7425,12.787500000000001,4
light,SEM,,3.2242570203588508,3.068658773253661,4.7849590733185305,4.7849590733185305,0.0018764716169360682,0.0009792603501282645,0.0001444307792681323,17.239611062414756,0.13468327042856265,0.4973994873338733,4
moderate,Mean,100.0,10.25,13.5,76.25,76.25,0.0630165,0.068983,0.008295,242.26,1.995,13.435,4
moderate,SEM,,2.7195281453467866,2.9011491975882016,5.513241635674364,5.513241635674364,0.001745157132371371,0.0007463117087830432,0.00013030285236069594,16.45651542702767,0.16879474715365606,0.45259437321587054,4
severe,Mean,100.0,21.5,16.0,62.5,62.5,0.065252,0.06959725,0.00844,302.07,2.4699999999999998,15.762500000000001,4
severe,SEM,,3.5237290853109955,4.143267631552018,5.07444578254611,5.07444578254611,0.0017085725523566953,0.0008414304660319052,7.753493836114572e-05,22.04358334451699,0.20920484379350943,0.5654552001116737,4
AVERAGE,Mean,300.0,41.0,41.0,218.0,72.6675,0.06321525,0.06900200000000001,0.008285250000000001,256.05,2.07,13.9925,4
AVERAGE,SEM,,8.631338250816034,9.15605446321358,14.983324063771697,4.994552657646128,0.0017695495366052915,0.000837776720453207,0.0001107530097408945,16.765567392724893,0.15858751527153706,0.40858240702865994,4
