Severity,Metric_Type,Total Targets,Hard Misses,Misses,Reached,Success Rate (%),Avg Aileron Fluctuation,Avg Elevator Fluctuation,Avg Throttle Fluctuation,Avg Distance (m),Avg Distance Normalized (m),Avg Time (s),Seeds_Averaged
off,Mean,100.0,1.75,7.25,91.0,91.0,0.05675875,0.06532175,0.008522249999999999,165.4375,1.2775,10.0475,4
off,SEM,,0.8539125638299665,1.796988221070652,1.8708286933869707,1.8708286933869707,0.0030853185242099945,0.0030510854455149776,0.00020891440631671778,2.6820650470610614,0.01493039405597411,0.24904400548229735,4
AVERAGE,Mean,100.0,1.75,7.25,91.0,91.0,0.05675875,0.06532175,0.008522249999999999,165.4375,1.2775,10.0475,4
AVERAGE,SEM,,0.8539125638299665,1.796988221070652,1.8708286933869707,1.8708286933869707,0.0030853185242099945,0.0030510854455149776,0.00020891440631671778,2.6820650470610614,0.01493039405597411,0.24904400548229735,4
