Severity,Metric_Type,Total Targets,Hard Misses,Misses,Reached,Success Rate (%),Avg Aileron Fluctuation,Avg Elevator Fluctuation,Avg Throttle Fluctuation,Avg Distance (m),Avg Distance Normalized (m),Avg Time (s),Seeds_Averaged
light,Mean,100.0,50.75,38.0,11.25,11.25,0.07192575000000001,0.07453075,0.00851475,380.495,3.1525,22.67,4
light,SEM,,5.677073776750366,4.183300132670378,1.547847968417226,1.547847968417226,0.0014560443202389145,0.0005448590605223817,6.042953885863015e-05,21.97494197944559,0.19310510954745172,0.6920621359386744,4
moderate,Mean,100.0,57.25,33.5,9.25,9.25,0.0717475,0.07452675,0.00856225,408.495,3.4225,23.455,4
moderate,SEM,,6.342646661029343,4.699290726623895,1.796988221070652,1.796988221070652,0.0011018114251843062,0.0006334861712513271,9.740497506116768e-05,18.53989414748638,0.15707614926100857,0.9337960162690779,4
severe,Mean,100.0,71.25,23.75,5.0,5.0,0.07002325000000001,0.07355724999999999,0.00855975,494.33,4.217499999999999,25.642500000000002,4
severe,SEM,,4.497684589504545,3.75,1.4719601443879744,1.4719601443879744,0.0007357607599167924,0.00021577819437252366,0.00014165355331465095,15.3277297731921,0.15928878386963297,0.7336822086798432,4
AVERAGE,Mean,300.0,179.25,95.25,25.5,8.4975,0.07123225,0.074205,0.008545500000000001,427.7725,3.5975,23.9225,4
AVERAGE,SEM,,16.40312470232425,12.505831972857038,4.444097208657794,1.4814597249559862,0.0010754767450608439,0.00044499943820189416,9.284530144277627e-05,18.496623284174504,0.1690352527334658,0.780196289404147,4
