Severity,Metric_Type,Total Targets,Hard Misses,Misses,Reached,Success Rate (%),Avg Aileron Fluctuation,Avg Elevator Fluctuation,Avg Throttle Fluctuation,Avg Distance (m),Avg Distance Normalized (m),Avg Time (s),Seeds_Averaged
light,Mean,100.0,17.5,37.75,44.75,44.75,0.0730585,0.07406975,0.00839975,259.0475,2.0650000000000004,17.197499999999998,4
light,SEM,,4.272001872658765,2.322893310794392,4.3084219849035215,4.3084219849035215,0.0009499728504892474,0.0005365128726321486,0.00020120196114021042,21.041290112142207,0.1753805386390786,0.895278122522083,4
AVERAGE,Mean,100.0,17.5,37.75,44.75,44.75,0.0730585,0.07406975,0.00839975,259.0475,2.0650000000000004,17.197499999999998,4
AVERAGE,SEM,,4.272001872658765,2.322893310794392,4.3084219849035215,4.3084219849035215,0.0009499728504892474,0.0005365128726321486,0.00020120196114021042,21.041290112142207,0.1753805386390786,0.895278122522083,4
