Severity,Metric_Type,Total Targets,Hard Misses,Misses,Reached,Success Rate (%),Avg Aileron Fluctuation,Avg Elevator Fluctuation,Avg Throttle Fluctuation,Avg Distance (m),Avg Distance Normalized (m),Avg Time (s),Seeds_Averaged
off,Mean,100.0,0.75,3.0,96.25,96.25,0.09034049999999999,0.09472075,0.01054575,162.94500000000002,1.2650000000000001,9.785,4
off,SEM,,0.25,1.0801234497346435,1.0307764064044151,1.0307764064044151,0.0011888110657291167,0.002227371559147688,0.00037207355343623483,1.5295396911053565,0.011902380714238095,0.14608787309926408,4
AVERAGE,Mean,100.0,0.75,3.0,96.25,96.25,0.09034049999999999,0.09472075,0.01054575,162.94500000000002,1.2650000000000001,9.785,4
AVERAGE,SEM,,0.25,1.0801234497346435,1.0307764064044151,1.0307764064044151,0.0011888110657291167,0.002227371559147688,0.00037207355343623483,1.5295396911053565,0.011902380714238095,0.14608787309926408,4
