Severity,Metric_Type,Total Targets,Hard Misses,Misses,Reached,Success Rate (%),Avg Aileron Fluctuation,Avg Elevator Fluctuation,Avg Throttle Fluctuation,Avg Distance (m),Avg Distance Normalized (m),Avg Time (s),Seeds_Averaged
light,Mean,100.0,17.75,28.5,53.75,53.75,0.0956005,0.09808549999999999,0.0096545,262.6125,2.145,16.8875,4
light,SEM,,4.0697051490249265,2.7233557730613653,3.5677957714346076,3.5677957714346076,0.0020707005457091085,0.003412585053885106,0.00019023516148879163,19.862333437522725,0.19401460426129435,0.9036442423136812,4
AVERAGE,Mean,100.0,17.75,28.5,53.75,53.75,0.0956005,0.09808549999999999,0.0096545,262.6125,2.145,16.8875,4
AVERAGE,SEM,,4.0697051490249265,2.7233557730613653,3.5677957714346076,3.5677957714346076,0.0020707005457091085,0.003412585053885106,0.00019023516148879163,19.862333437522725,0.19401460426129435,0.9036442423136812,4
