Agent,Severity,Metric_Type,Total Targets,Hard Misses,Misses,Reached,Success Rate (%),Avg Aileron Fluctuation,Avg Elevator Fluctuation,Avg Throttle Fluctuation,Avg Distance (m),Avg Distance Normalized (m),Avg Time (s),Seeds_Averaged
PID,light,null,100,0,19,81,81.00,0.002206,0.002733,0.004088,184.56,1.51,10.69
PID,moderate,null,100,2,20,78,78.00,0.003705,0.003442,0.004857,198.27,1.73,11.51
PID,severe,null,100,5,28,67,67.00,0.009472,0.004166,0.005254,214.97,1.93,12.58
TD-MPC,light,Mean,100.0,9.25,11.5,79.25,79.25,0.061376749999999994,0.068426,0.008120500000000001,223.82750000000001,1.7425,12.787500000000001,4
TD-MPC,light,SEM,,3.2242570203588508,3.068658773253661,4.7849590733185305,4.7849590733185305,0.0018764716169360682,0.0009792603501282645,0.0001444307792681323,17.239611062414756,0.13468327042856265,0.4973994873338733,4
TD-MPC,moderate,Mean,100.0,10.25,13.5,76.25,76.25,0.0630165,0.068983,0.008295,242.26,1.995,13.435,4
TD-MPC,moderate,SEM,,2.7195281453467866,2.9011491975882016,5.513241635674364,5.513241635674364,0.001745157132371371,0.0007463117087830432,0.00013030285236069594,16.45651542702767,0.16879474715365606,0.45259437321587054,4
TD-MPC,severe,Mean,100.0,21.5,16.0,62.5,62.5,0.065252,0.06959725,0.00844,302.07,2.4699999999999998,15.762500000000001,4
TD-MPC,severe,SEM,,3.5237290853109955,4.143267631552018,5.07444578254611,5.07444578254611,0.0017085725523566953,0.0008414304660319052,7.753493836114572e-05,22.04358334451699,0.20920484379350943,0.5654552001116737,4
