Agent,Severity,Metric_Type,Total Targets,Hard Misses,Misses,Reached,Success Rate (%),Avg Aileron Fluctuation,Avg Elevator Fluctuation,Avg Throttle Fluctuation,Avg Distance (m),Avg Distance Normalized (m),Avg Time (s),Seeds_Averaged
PID,light,null,100,2,34,64,64.00,0.006951,0.003198,0.007533,209.45,1.73,14.00
PID,moderate,null,100,6,34,60,60.00,0.009667,0.003711,0.007823,226.15,1.91,15.48
PID,severe,null,100,27,45,28,28.00,0.036858,0.006555,0.006659,287.34,2.48,19.31
TD-MPC,light,Mean,100.0,50.75,38.0,11.25,11.25,0.07192575000000001,0.07453075,0.00851475,380.495,3.1525,22.67,4
TD-MPC,light,SEM,,5.677073776750366,4.183300132670378,1.547847968417226,1.547847968417226,0.0014560443202389145,0.0005448590605223817,6.042953885863015e-05,21.97494197944559,0.19310510954745172,0.6920621359386744,4
TD-MPC,moderate,Mean,100.0,57.25,33.5,9.25,9.25,0.0717475,0.07452675,0.00856225,408.495,3.4225,23.455,4
TD-MPC,moderate,SEM,,6.342646661029343,4.699290726623895,1.796988221070652,1.796988221070652,0.0011018114251843062,0.0006334861712513271,9.740497506116768e-05,18.53989414748638,0.15707614926100857,0.9337960162690779,4
TD-MPC,severe,Mean,100.0,71.25,23.75,5.0,5.0,0.07002325000000001,0.07355724999999999,0.00855975,494.33,4.217499999999999,25.642500000000002,4
TD-MPC,severe,SEM,,4.497684589504545,3.75,1.4719601443879744,1.4719601443879744,0.0007357607599167924,0.00021577819437252366,0.00014165355331465095,15.3277297731921,0.15928878386963297,0.7336822086798432,4
